id,codigo,titulo,autores,sala,sessao,data,dia,horario,area,status
07102026_CCI_10h30–10h45_ENB26-0001,ENB26-0001,Desenvolvimento de um protótipo para monitoramento de temperatura e umidade em órtese de membros inferiores,,CC I,Implantes I,07/10/2026,Quarta-feira,10h30 – 10h45,"Implants, Orthoses and Prostheses",ativo
07102026_CCI_10h45–11h00_ENB26-0015,ENB26-0015,Análise numérica comparativa usando a geometria original CAD e a geometria real medida com tomografia computadorizada em placas fabricadas por PBF-EB.,,CC I,Implantes I,07/10/2026,Quarta-feira,10h45 – 11h00,"Implants, Orthoses and Prostheses",ativo
07102026_CCI_11h00–11h15_ENB26-0030,ENB26-0030,Abordagem Computacional para Projeto Preliminar de Implante Craniano em PEEK,,CC I,Implantes I,07/10/2026,Quarta-feira,11h00 – 11h15,"Implants, Orthoses and Prostheses",ativo
07102026_CCI_11h15–11h30_ENB26-0033,ENB26-0033,Características geométricas e mecânicas de parafusos pediculares: uma revisão da literatura,,CC I,Implantes I,07/10/2026,Quarta-feira,11h15 – 11h30,"Implants, Orthoses and Prostheses",ativo
07102026_CCI_11h30–11h45_ENB26-0038,ENB26-0038,Modelagem Mecânica e Avaliação de Implantes na Osteotomia Femoral Distal pelo Método de Elementos Finitos,,CC I,Implantes I,07/10/2026,Quarta-feira,11h30 – 11h45,"Implants, Orthoses and Prostheses",ativo
07102026_CCI_11h45–12h00_ENB26-0046,ENB26-0046,Análise do Potencial do PEEK como Material Substituto em Implantes para Osteotomia Femoral Distal Utilizando o Método de Elementos Finitos,,CC I,Implantes I,07/10/2026,Quarta-feira,11h45 – 12h00,"Implants, Orthoses and Prostheses",ativo
07102026_CCII_10h30–10h45_ENB26-0036,ENB26-0036,Avaliação do impacto da região de enfraquecimento na progressão da curvatura da córnea com ceratocone,,CC II,Biomecânica I,07/10/2026,Quarta-feira,10h30 – 10h45,Biomechanics,ativo
07102026_CCII_10h45–11h00_ENB26-0039,ENB26-0039,Desenvolvimento e validação de um sistema de análise cinemática de baixo custo baseado em câmera RGB e MediaPipe,,CC II,Biomecânica I,07/10/2026,Quarta-feira,10h45 – 11h00,Biomechanics,ativo
07102026_CCII_11h00–11h15_ENB26-0040,ENB26-0040,Modelagem Eletromecânica do Miocárdio com Base em Dados Clínicos Multimodais em Cardiomiopatia Dilatada,,CC II,Biomecânica I,07/10/2026,Quarta-feira,11h00 – 11h15,Biomechanics,ativo
07102026_CCII_11h15–11h30_ENB26-0100,ENB26-0100,OTIMIZAÇÃO DE GUIAS CIRÚRGICAS PARA OSTEOTOMIA PERIACETABULAR UTILIZANDO SCRIPTING EM PYTHON E MÉTODO DOS ELEMENTOS FINITOS,,CC II,Biomecânica I,07/10/2026,Quarta-feira,11h15 – 11h30,Biomechanics,ativo
07102026_CCII_11h30–11h45_ENB26-0081,ENB26-0081,Simulação da hérnia de disco usando um modelo de dano e o Método dos Elementos Finitos,,CC II,Biomecânica I,07/10/2026,Quarta-feira,11h30 – 11h45,Biomechanics,ativo
07102026_CCII_11h45–12h00_PitchLEBm,Pitch LEBm,Análise de engenharia para dispositivos médicos: do desenvolvimento à avaliação pré-clínica,,CC II,Biomecânica I,07/10/2026,Quarta-feira,11h45 – 12h00,Biomechanics,ativo
07102026_CCIII_10h30–10h45_ENB26-0044,ENB26-0044,Implementação da Casa da Qualidade no Projeto Informacional de um Equipamento de Manufatura Aditiva com Potencial para Aplicações Biomecânicas,,CC III,Bioengenharia I,07/10/2026,Quarta-feira,10h30 – 10h45,Bioengineering,ativo
07102026_CCIII_10h45–11h00_ENB26-0084,ENB26-0084,Acionadores Hospitalares: Revisão Normativa e Estudo Comparativo para Definição de Requisitos de Projeto.,,CC III,Bioengenharia I,07/10/2026,Quarta-feira,10h45 – 11h00,Bioengineering,ativo
07102026_CCIII_11h00–11h15_ENB26-0095,ENB26-0095,BEYOND NORMATIVE TABLES: A PROPOSED PROTOCOL FOR CUSTOMIZED SHOULDER RANGE OF MOTION ASSESSMENT USING INERTIAL MOTION SENSORS,,CC III,Bioengenharia I,07/10/2026,Quarta-feira,11h00 – 11h15,Bioengineering,ativo
07102026_CCIII_11h15–11h30_ENB26-0099,ENB26-0099,Physics-Based Prediction of WEB Deployment in Wide-Neck Bifurcation Aneurysms,,CC III,Bioengenharia I,07/10/2026,Quarta-feira,11h15 – 11h30,Bioengineering,ativo
07102026_CCIII_11h30–11h45_ENB26-0111,ENB26-0111,PRESSÃO DE SUCÇÃO NÃO-NUTRITIVA MENSURADA RECÉM-NASCIDOS E FATORES DE INFLUÊNCIA,,CC III,Bioengenharia I,07/10/2026,Quarta-feira,11h30 – 11h45,Bioengineering,ativo
07102026_CCIII_11h45–12h00_ENB26-0112,ENB26-0112,Intranasal Implantable Devices for Nose-to-Brain Drug Delivery in Neurological Disorders,,CC III,Bioengenharia I,07/10/2026,Quarta-feira,11h45 – 12h00,Bioengineering,ativo
07102026_CCI_13h30–13h45_ENB26-0057,ENB26-0057,Influência do material CAD/CAM de coroa sobre implante na reabilitação da agenesia de incisivo lateral superior: análise por elementos finitos,,CC I,Implantes II,07/10/2026,Quarta-feira,13h30 – 13h45,"Implants, Orthoses and Prostheses",ativo
07102026_CCI_13h45–14h00_ENB26-0055,ENB26-0055,Desenvolvimento de Órtese Personalizada de Punho e Mão por Manufatura Aditiva para Reabilitação Funcional: Integração entre Engenharia e Aplicação Clínica,,CC I,Implantes II,07/10/2026,Quarta-feira,13h45 – 14h00,"Implants, Orthoses and Prostheses",ativo
07102026_CCI_14h00–14h15_ENB26-0219,ENB26-0219,Análise Comparativa de Integridade Estrutural e Estabilidade de Montagem em Acetábulos de Dupla Mobilidade via Elementos Finitos,,CC I,Implantes II,07/10/2026,Quarta-feira,14h00 – 14h15,"Implants, Orthoses and Prostheses",ativo
07102026_CCI_14h15–14h30_ENB26-0083,ENB26-0083,Análise numérica de desgaste em próteses de quadril: influência de parâmetros geométricos e cargas de inserção,,CC I,Implantes II,07/10/2026,Quarta-feira,14h15 – 14h30,"Implants, Orthoses and Prostheses",ativo
07102026_CCI_14h30–14h45_ENB26-0088,ENB26-0088,Automatização parcial da análise de partículas de desgaste em próteses de quadril utilizando Trainable Weka Segmentation.,,CC I,Implantes II,07/10/2026,Quarta-feira,14h30 – 14h45,"Implants, Orthoses and Prostheses",ativo
07102026_CCI_14h45–15h00_PitchLEBm,Pitch LEBm,Avaliação crítica da ISO 12891-1 para Retrieval Analysis: Um comparativo com a ASTM F561-19,,CC I,Implantes II,07/10/2026,Quarta-feira,14h45 – 15h00,"Implants, Orthoses and Prostheses",ativo
07102026_CCII_13h30–13h45_ENB26-0109,ENB26-0109,Modelagem Computacional da Biomecânica da Córnea Humana,,CC II,Biomecânica II,07/10/2026,Quarta-feira,13h30 – 13h45,Biomechanics,ativo
07102026_CCII_13h45–14h00_ENB26-0116,ENB26-0116,Análise Comparativa entre Ativação Homogênea e Heterogênea em Simulações Computacionais da Atividade Eletromecânica Cardíaca,,CC II,Biomecânica II,07/10/2026,Quarta-feira,13h45 – 14h00,Biomechanics,ativo
07102026_CCII_14h00–14h15_ENB26-0123,ENB26-0123,Influência das Calcificações Cerebrais na Girificação Cortical em um Modelo Biomecânico da Síndrome Congênita do Vírus Zika,,CC II,Biomecânica II,07/10/2026,Quarta-feira,14h00 – 14h15,Biomechanics,ativo
07102026_CCII_14h15–14h30_ENB26-0124,ENB26-0124,CORRIDOR-BASED DESIGN AND FINITE ELEMENT VERIFICATION OF A TUBULAR ENERGY ABSORBER FOR SLED-PULSE CONTROL,,CC II,Biomecânica II,07/10/2026,Quarta-feira,14h15 – 14h30,Biomechanics,ativo
07102026_CCII_14h30–14h45_ENB26-0167,ENB26-0167,Automatização Paramétrica e Clusterização de Modelos Biomecânicos do Útero Gestante via Simulação Computacional,,CC II,Biomecânica II,07/10/2026,Quarta-feira,14h30 – 14h45,Biomechanics,ativo
07102026_CCII_14h45–15h00_ENB26-0194,ENB26-0194,Modelagem cardiovascular baseada em dados clínicos de pacientes com cardiomiopatia dilatada usando o CircAdapt,,CC II,Biomecânica II,07/10/2026,Quarta-feira,14h45 – 15h00,Biomechanics,ativo
07102026_CCIII_13h30–13h45_ENB26-0133,ENB26-0133,Biomechanical Response of the Periodontal Ligament in Kennedy Class I Removable Partial Dentures Without Indirect Retention: A Validated Finite Element Analysis,,CC III,Bioengenharia II,07/10/2026,Quarta-feira,13h30 – 13h45,Bioengineering,ativo
07102026_CCIII_13h45–14h00_ENB26-0155,ENB26-0155,Modelagem e Desenvolvimento de uma Bancada de Ensaio de Fadiga para Órteses do Tipo AFO,,CC III,Bioengenharia II,07/10/2026,Quarta-feira,13h45 – 14h00,Bioengineering,ativo
07102026_CCIII_14h00–14h15_ENB26-0220,ENB26-0220,OTIMIZAÇÃO MATEMÁTICA SIMPLIFICADA DE UMA CADEIRA DE RODAS DE CORRIDA,,CC III,Bioengenharia II,07/10/2026,Quarta-feira,14h00 – 14h15,Bioengineering,ativo
07102026_CCIII_14h15–14h30_ENB26-0128,ENB26-0128,Simulação de quedas de idosos observando a região do colo femoral utilizando o Método dos Elementos Finitos,,CC III,Bioengenharia II,07/10/2026,Quarta-feira,14h15 – 14h30,Bioengineering,ativo
07102026_CCIII_14h30–14h45_ENB26-0165,ENB26-0165,Avaliação Experimental da Goma de Xantana como Redutor de Arrasto em Escoamento em Fístula Arteriovenosa Ideal,,CC III,Bioengenharia II,07/10/2026,Quarta-feira,14h30 – 14h45,Bioengineering,ativo
07102026_CCI_15h30–15h45_ENB26-0131,ENB26-0131,Prótese de Membros Superiores com Troca Rápida de Ponteiras para Maior Autonomia,,CC I,Implantes III,07/10/2026,Quarta-feira,15h30 – 15h45,"Implants, Orthoses and Prostheses",ativo
07102026_CCI_15h45–16h00_ENB26-0135,ENB26-0135,Desenvolvimento de um programa de capacitação em CAD/CAM aplicado à tecnologia ortopédica: formação e inovação em bioengenharia para oficinas do sistema público de saúde,,CC I,Implantes III,07/10/2026,Quarta-feira,15h45 – 16h00,"Implants, Orthoses and Prostheses",ativo
07102026_CCII_15h30–15h45_ENB26-0195,ENB26-0195,APLICAÇÃO DE DESIGN GENERATIVO E ANÁLISE DE ELEMENTOS FINITOS NO DESENVOLVIMENTO DE UMA ÓRTESE ORTOPÉDICA PERSONALIZADA VIA IMPRESSÃO 3D E ESCANEAMENTO POR VARREDURA TRIDIMENSIONAL,,CC II,Biomecânica III,07/10/2026,Quarta-feira,15h30 – 15h45,Biomechanics,ativo
07102026_CCII_15h45–16h00_ENB26-0202,ENB26-0202,ANÁLISE MODAL E VALIDAÇÃO DE DINÂMICA ESTRUTURAL EM UMA ÓRTESE ORTOPÉDICA CUSTOMIZADA VIA MANUFATURA ADITIVA,,CC II,Biomecânica III,07/10/2026,Quarta-feira,15h45 – 16h00,Biomechanics,ativo
07102026_CCIII_15h30–15h45_ENB26-0065,ENB26-0065,Controle quasi-LPV aplicado em um sistema de reabilitação robótica híbrido FES-Exoesqueleto,,CC III,Biorrobótica e IA,07/10/2026,Quarta-feira,15h30 – 15h45,Biorobotics and Artificial Intelligence,ativo
07102026_CCIII_15h45–16h00_ENB26-0103,ENB26-0103,A novel short-distance test to assess gait speed in older adults: a machine learning approach based on inertial data and wavelet transform,,CC III,Biorrobótica e IA,07/10/2026,Quarta-feira,15h45 – 16h00,Biorobotics and Artificial Intelligence,ativo
08102026_CCI_10h00–10h15_ENB26-0136,ENB26-0136,Validação de cargas fisiológicas em hastes femorais não modulares com fratura distal baseada no modelo analítico de viga de Euler-Bernoulli para aplicação em modelos de elementos finitos,,CC I,Implantes IV,08/10/2026,Quinta-feira,10h00 – 10h15,"Implants, Orthoses and Prostheses",ativo
08102026_CCI_10h15–10h30_ENB26-0148,ENB26-0148,"Síntesis cinemática y diseño estructural de una prótesis de rodilla policéntrica mediante coordenadas naturales, optimización basada en enseñanza–aprendizaje y optimización topológica",,CC I,Implantes IV,08/10/2026,Quinta-feira,10h15 – 10h30,"Implants, Orthoses and Prostheses",ativo
08102026_CCI_10h30–10h45_ENB26-0154,ENB26-0154,Aplicabilidade da classificação ODEP a um banco brasileiro de explantes de quadril: análise sobre o acervo do CNAEx,,CC I,Implantes IV,08/10/2026,Quinta-feira,10h30 – 10h45,"Implants, Orthoses and Prostheses",ativo
08102026_CCI_10h45–11h00_ENB26-0161,ENB26-0161,Estudo das propriedades do Polipropileno impresso em 3D para uso na Fabricação de Órteses Tornozelo-pé (AFOs),,CC I,Implantes IV,08/10/2026,Quinta-feira,10h45 – 11h00,"Implants, Orthoses and Prostheses",ativo
08102026_CCI_11h00–11h15_ENB26-0163,ENB26-0163,Teste Mecânico Estático em Próteses Transtibiais Fabricados por Impressão 3D (FDM),,CC I,Implantes IV,08/10/2026,Quinta-feira,11h00 – 11h15,"Implants, Orthoses and Prostheses",ativo
08102026_CCI_11h15–11h30_ENB26-0183,ENB26-0183,DESENVOLVIMENTO DE MECANISMO ELETROMECÂNICO SEM FIO PARA SINCRONIZAÇÃO DA PISCADA EM PRÓTESES ÓCULO-PALPEBRAIS ATIVAS,,CC I,Implantes IV,08/10/2026,Quinta-feira,11h15 – 11h30,"Implants, Orthoses and Prostheses",ativo
08102026_CCI_11h30–11h45_ENB26-0184,ENB26-0184,PRÓTESE BIÔNICA DE MÃO COM MOVIMENTOS DE ADUÇÃO E ABDUÇÃO DO POLEGAR PRODUZIDA POR MANUFATURA ADITIVA,,CC I,Implantes IV,08/10/2026,Quinta-feira,11h30 – 11h45,"Implants, Orthoses and Prostheses",ativo
08102026_CCI_11h45–12h00_ENB26-0204,ENB26-0204,Distribuição de danos entre côndilos medial e lateral em insertos tibiais não congruentes: análise macroscópica de 59 explantes,,CC I,Implantes IV,08/10/2026,Quinta-feira,11h45 – 12h00,"Implants, Orthoses and Prostheses",ativo
08102026_CCII_10h00–10h15_ENB26-0196,ENB26-0196,ANÁLISE BIOMECÂNCIA NUMÉRICA DE FIXAÇÃO ANTEROLATERAL PARA FRATURAS DE HOFFA,,CC II,Biomecânica aplicada,08/10/2026,Quinta-feira,10h00 – 10h15,Biomechanics,ativo
08102026_CCII_10h15–10h30_ENB26-0207,ENB26-0207,AVALIAÇÃO DE IMPRIMIBILIDADE E CARACTERIZAÇÃO BIOMECÂNICA ESTÁTICA POR EXTRUSÃO DE MATERIAL (MEX) PARA IMPLANTES AUXÉTICOS LOMBARES EM POLIURETANO TERMOPLÁSTICO (TPU),,CC II,Biomecânica aplicada,08/10/2026,Quinta-feira,10h15 – 10h30,Biomechanics,ativo
08102026_CCII_10h30–10h45_ENB26-0031,ENB26-0031,Evaluation of the Influence of Knee Joint Geometric Parameters Through a Semi-Analytical Model in the Sagittal Plane,,CC II,Biomecânica aplicada,08/10/2026,Quinta-feira,10h30 – 10h45,Biomechanics,ativo
08102026_CCII_10h45–11h00_ENB26-0140,ENB26-0140,"Preditores biomecânicos, fisiológicos e genéticos de lesão musculoesqueléticos em militares estudantes de educação física",,CC II,Biomecânica aplicada,08/10/2026,Quinta-feira,10h45 – 11h00,Biomechanics of the Sport and Biomechanics of the Musculoskeletal System,ativo
08102026_CCII_11h00–11h15_ENB26-0203,ENB26-0203,Kinetic and Kinematic Characterization of Pole Use in Nordic Walking: Implications for Biofeedback Systems,,CC II,Biomecânica aplicada,08/10/2026,Quinta-feira,11h00 – 11h15,Biomechanics of the Sport and Biomechanics of the Musculoskeletal System,ativo
08102026_CCII_11h15–11h30_ENB26-0130,ENB26-0130,Modelo computacional multiescala de remodelação óssea: acoplamento da dinâmica celular e tecidual.,,CC II,Biomecânica aplicada,08/10/2026,Quinta-feira,11h15 – 11h30,"Mechanobiology, Celular and Molecular Biomechanics",ativo
08102026_CCIII_10h00–10h15_ENB26-0037,ENB26-0037,VIBRATIONAL MODEL TO ENHANCE FORCE FEEDBACK FOR SPECIAL NEEDS CHILDREN WITH KNEE DISARTICULATION PROSTHESIS,,CC III,Tecnologias Assistivas,08/10/2026,Quinta-feira,10h00 – 10h15,Assistive Technologies,ativo
08102026_CCIII_10h15–10h30_ENB26-0045,ENB26-0045,"ELUCIDAÇÃO DOS REQUISITOS DO USUÁRIO PARA UMA ÓRTESE DINÂMICA, COM ABORDAGEM DE PROJETO ORIENTADO PARA TECNOLOGIA ASSISTIVA",,CC III,Tecnologias Assistivas,08/10/2026,Quinta-feira,10h15 – 10h30,Assistive Technologies,ativo
08102026_CCIII_10h30–10h45_ENB26-0056,ENB26-0056,Desenvolvimento e análise estrutural de um quadro tubular para uma Handbike H5,,CC III,Tecnologias Assistivas,08/10/2026,Quinta-feira,10h30 – 10h45,Assistive Technologies,ativo
08102026_CCIII_10h45–11h00_ENB26-0091,ENB26-0091,Desenvolvimento e Comparação de Técnicas de Detalhamento Superficial para Reprodução da Porosidade Cutânea em Modelo Nasal,,CC III,Tecnologias Assistivas,08/10/2026,Quinta-feira,10h45 – 11h00,Assistive Technologies,ativo
08102026_CCIII_11h00–11h15_ENB26-0062,ENB26-0062,DESENVOLVIMENTO DE UM MODELO DE RODA NÃO PNEUMÁTICA COM RIGIDEZ ADAPTATIVA PARA CADEIRAS DE RODAS COM VALIDAÇÃO EXPERIMENTAL E NUMÉRICA,,CC III,Tecnologias Assistivas,08/10/2026,Quinta-feira,11h00 – 11h15,Assistive Technologies,ativo
08102026_CCIII_11h15–11h30_ENB26-0085,ENB26-0085,DESENVOLVIMENTO DE UMA BANCADA PARA AVALIAÇÃO DE ÓRTESES PARA SUPRESSÃO MECÂNICA DE TREMORES PATOLÓGICOS,,CC III,Tecnologias Assistivas,08/10/2026,Quinta-feira,11h15 – 11h30,Assistive Technologies,ativo
08102026_CCIII_11h30–11h45_ENB26-0086,ENB26-0086,Análise mecânica virtual em cadeiras de rodas para pré-avaliação em testes de normas,,CC III,Tecnologias Assistivas,08/10/2026,Quinta-feira,11h30 – 11h45,Assistive Technologies,ativo
08102026_CCIII_11h45–12h00_ENB26-0058,ENB26-0058,Aquisição e Processamento de Sinais Mioelétricos para Controle de Próteses,,CC III,Tecnologias Assistivas,08/10/2026,Quinta-feira,11h45 – 12h00,Assistive Technologies,ativo
08102026_CCI_14h00–14h15_ENB26-0078,ENB26-0078,Biological Evaluation of 3D-Printed Porous Titanium Alloy Ti6Al4V Scaffolds,,CC I,Biomateriais e Biotribologia,08/10/2026,Quinta-feira,14h00 – 14h15,Biomaterials and Biotribology,ativo
08102026_CCI_14h15–14h30_ENB26-0119,ENB26-0119,Análise da Integridade de Superfície no Processo de Fresamento de Osso Cortical Bovino,,CC I,Biomateriais e Biotribologia,08/10/2026,Quinta-feira,14h15 – 14h30,Biomaterials and Biotribology,ativo
08102026_CCI_14h30–14h45_ENB26-0158,ENB26-0158,Influência da Adesão Interfacial e Morfologia das Partículas na Distribuição de Tensões em Compósitos Dentários Bioativos: Análise por Elementos Finitos em Microescala,,CC I,Biomateriais e Biotribologia,08/10/2026,Quinta-feira,14h30 – 14h45,Biomaterials and Biotribology,ativo
08102026_CCII_14h00–14h15_ENB26-0004,ENB26-0004,Simulação Preditiva da Marcha Hemiparética com Assistência Robótica Bilateral Utilizando OpenSim Moco,,CC II,Modelagem e Controle Motor,08/10/2026,Quinta-feira,14h00 – 14h15,Modeling of Biomechanical Systems and Motor Control,ativo
08102026_CCII_14h15–14h30_ENB26-0087,ENB26-0087,Uso do OpenSim Moco para Simulação Biomecânica de Movimentos Complexos: Estudo de Caso da Mudança de Posição no Violino,,CC II,Modelagem e Controle Motor,08/10/2026,Quinta-feira,14h15 – 14h30,Modeling of Biomechanical Systems and Motor Control,ativo
08102026_CCII_14h30–14h45_ENB26-0101,ENB26-0101,Integration of a Muscle Model and Predictive Control for Real-Time Ankle Emulation,,CC II,Modelagem e Controle Motor,08/10/2026,Quinta-feira,14h30 – 14h45,Modeling of Biomechanical Systems and Motor Control,ativo
08102026_CCII_14h45–15h00_ENB26-0143,ENB26-0143,Modelagem Neuromusculoesquelética das fibras musculares: Estudo dos mecânismos de Propriocepção,,CC II,Modelagem e Controle Motor,08/10/2026,Quinta-feira,14h45 – 15h00,Modeling of Biomechanical Systems and Motor Control,ativo
08102026_CCII_15h00–15h15_ENB26-0018,ENB26-0018,Controle Robusto H∞ de uma Prótese Ativa de Joelho com Saturação de Atuador via Sistemas de Lur’e e LMIs.,,CC II,Modelagem e Controle Motor,08/10/2026,Quinta-feira,15h00 – 15h15,Modeling of Biomechanical Systems and Motor Control,ativo
08102026_CCIII_14h00–14h15_ENB26-0072,ENB26-0072,Kinematics of sitting down and standing up on different surfaces: a comparative biomechanical analysis between a chair and an pouf and its implications for furniture specification in interior design,,CC III,Ergonomia e Reabilitação,08/10/2026,Quinta-feira,14h00 – 14h15,"Ergonomics, Occupational Biomechanics and Rehabilitation",ativo
08102026_CCIII_14h15–14h30_ENB26-0077,ENB26-0077,Application of Serious Games with Tracking Systems in the Treatment of Adolescent Idiopathic Scoliosis,,CC III,Ergonomia e Reabilitação,08/10/2026,Quinta-feira,14h15 – 14h30,"Ergonomics, Occupational Biomechanics and Rehabilitation",ativo
08102026_CCIII_14h30–14h45_ENB26-0201,ENB26-0201,TECNOLOGIAS INOVADORAS PARA DISTÚRBIOS DA MARCHA EM CRIANÇAS COM PARALISIA CEREBRAL: UMA REVISÃO INTEGRATIVA,,CC III,Ergonomia e Reabilitação,08/10/2026,Quinta-feira,14h30 – 14h45,"Ergonomics, Occupational Biomechanics and Rehabilitation",ativo
08102026_CCIII_14h45–15h00_ENB26-0008,ENB26-0008,CONTROLE ROBUSTO H∞ VIA LMIs PARA ATENUAÇÃO DE VIBRAÇÕES NO CORPO HUMANO SENTADO COM INCERTEZAS PARAMÉTRICAS NA MASSA DO OCUPANTE,,CC III,Ergonomia e Reabilitação,08/10/2026,Quinta-feira,14h45 – 15h00,"Ergonomics, Occupational Biomechanics and Rehabilitation",ativo
09102026_CCI_08h00–08h15_ENB26-0205,ENB26-0205,AVALIAÇÃO DE DANO NA INTERFACE MODULAR TAPER-TRUNNION EM HASTES DE TITÂNIO: EFEITO DO MATERIAL DA CABEÇA FEMORAL,,CC I,Implantes e Engenharia de Tecidos,09/10/2026,Sexta-feira,08h00 – 08h15,"Implants, Orthoses and Prostheses",ativo
09102026_CCI_08h15–08h30_ENB26-0206,ENB26-0206,Development of stents with optimized geometries and controlled drug release for fabrication by 3D printing and injection molding in luminal applications,,CC I,Implantes e Engenharia de Tecidos,09/10/2026,Sexta-feira,08h15 – 08h30,"Implants, Orthoses and Prostheses",ativo
09102026_CCI_08h30–08h45_ENB26-0213,ENB26-0213,O papel do Retrieval Analysis na avaliação do desempenho de artroplastias totais de quadril e joelho: um estudo bibliométrico baseado em dados da Scopus e PubMed,,CC I,Implantes e Engenharia de Tecidos,09/10/2026,Sexta-feira,08h30 – 08h45,"Implants, Orthoses and Prostheses",ativo
09102026_CCI_08h45–09h00_ENB26-0020,ENB26-0020,An Integrated Python-Ansys APDL Approach for Bone Remodeling Studies,,CC I,Implantes e Engenharia de Tecidos,09/10/2026,Sexta-feira,08h45 – 09h00,Biomechanics in Bone and Tissue Engineering,ativo
09102026_CCI_09h00–09h15_ENB26-0144,ENB26-0144,Analysis of different hyperelastic constitutive for the aortic vessel in stent applications,,CC I,Implantes e Engenharia de Tecidos,09/10/2026,Sexta-feira,09h00 – 09h15,Biomechanics in Bone and Tissue Engineering,ativo
09102026_CCI_09h15–09h30_ENB26-0073,ENB26-0073,Intervertebral disc modeling and dataset generation,,CC I,Implantes e Engenharia de Tecidos,09/10/2026,Sexta-feira,09h15 – 09h30,Biomechanics in Bone and Tissue Engineering,ativo
09102026_CCI_09h30–09h45_ENB26-0129,ENB26-0129,Biomecânica da Fixação de Fratura da Disjunção da Sínfise Púbica da Pelve Feminina com Osteoporose,,CC I,Implantes e Engenharia de Tecidos,09/10/2026,Sexta-feira,09h30 – 09h45,Biomechanics in Bone and Tissue Engineering,ativo
09102026_CCI_09h45–10h00_ENB26-0132,ENB26-0132,Efeitos do Trauma de Alta Energia do Colo Femoral de Jovens,,CC I,Implantes e Engenharia de Tecidos,09/10/2026,Sexta-feira,09h45 – 10h00,Biomechanics in Bone and Tissue Engineering,ativo
09102026_CCIII_08h00–08h15_ENB26-0115,ENB26-0115,Proposta Metodológica para Avaliação da Influência do Uso de Chapéus na Percepção Sonora e Inteligibilidade da Fala,,CC III,Tecnologias e aplicações emergentes,09/10/2026,Sexta-feira,08h00 – 08h15,Assistive Technologies,ativo
09102026_CCIII_08h15–08h30_ENB26-0122,ENB26-0122,Modelagem geométrica e estrutural de um chassi tubular para dispositivo de Mobilidade Assistiva Infantil de baixo custo,,CC III,Tecnologias e aplicações emergentes,09/10/2026,Sexta-feira,08h15 – 08h30,Assistive Technologies,ativo
09102026_CCIII_08h30–08h45_ENB26-0181,ENB26-0181,UM SISTEMA DE RASTREAMENTO OCULAR PARA REABILITAÇÃO DE PESSOAS COM DEFICIÊNCIAS MOTORAS SEVERAS VIA CVML,,CC III,Tecnologias e aplicações emergentes,09/10/2026,Sexta-feira,08h30 – 08h45,Assistive Technologies,ativo
09102026_CCIII_08h45–09h00_ENB26-0209,ENB26-0209,Requisitos de projeto para um exoesqueleto pediátrico com elos flexiveis,,CC III,Tecnologias e aplicações emergentes,09/10/2026,Sexta-feira,08h45 – 09h00,Assistive Technologies,ativo
09102026_CCIII_09h00–09h15_ENB26-0060,ENB26-0060,IMPACTOS BIOMECÂNICOS DO APARELHO ORTODÔNTICO FIXO NA EMBOCADURA DO TROMPETISTA: APROXIMAÇÕES ATRAVÉS DA PRODUÇÃO DE UM SIMULACRO,,CC III,Tecnologias e aplicações emergentes,09/10/2026,Sexta-feira,09h00 – 09h15,Orofacial Biomechanics,ativo
09102026_CCIII_09h15–09h30_ENB26-0098,ENB26-0098,Challenges in Simulating the Insertion of Orthodontic Mini-Implants Using the Finite Element Method,,CC III,Tecnologias e aplicações emergentes,09/10/2026,Sexta-feira,09h15 – 09h30,Orofacial Biomechanics,ativo
09102026_CCIII_09h30–09h45_ENB26-0067,ENB26-0067,Modelagem computacional do sistema cardiorrespiratório,,CC III,Tecnologias e aplicações emergentes,09/10/2026,Sexta-feira,09h30 – 09h45,Biofluids Dynamics e Bioheat Transfer,ativo
09102026_CCIII_09h45–10h00_PitchLEBm,Pitch LEBm,Perfil dos implantes ortopédicos retirados em cirurgias de revisão no Brasil: caracterização de 540 explantes do CNAEx,,CC III,Tecnologias e aplicações emergentes,09/10/2026,Sexta-feira,09h45 – 10h00,"Implants, Orthoses and Prostheses",ativo
